Car Name,Model,PrePrice,Monthly Price,Total Price,Mileage,Year,Location,Transmission,Color,Description
N/A,ูพูุงุณ XU7P ุจูุฒู,0,0,730000000,ุตูุฑ ฺฉูููุชุฑ,1404,ุชุจุฑุฒ,ุฏูุฏู ุง,ุณูุฏ,ุงูุฑูุฒ ุณุงุนุช ฑฐ ุตุจุญ ุงุฒ ููุงูุฏฺฏ ุชุญูู ฺฏุฑูุชู ุฏุฑ ูพุงุฑฺฉูฺฏ ููุฒู ูฺฏู ุฏุงุดุชู ุงู ู ุจุฑฺฏ ุชุญูู ุฏุฑ ุชุตูุฑ ุขุฎุฑ ูุดุฎุต ุงุณุช ู ูุฑูุด ุจุตูุฑุช ููุฏ ู ุจุงุดุฏ . ุจู ุฎุฑุฏุงุฑ ูุงูุน ุชุฎูู ุฌุฒ ูพุง ูุนุงููู ุฏุงุฏู ุฎูุงูุฏ ุดุฏ
N/A,ูพูุงุณ EF7 ุจูุฒู,0,0,715000000,"44,000 km",1401,ุชูุฑุงู / ุดูุฑฺฉ ุขูพุงุฏุงูุง,ุฏูุฏู ุง,ุณูุฏ,"ุฏุงุฑุง ฺฉุฑูุฒ ู ุขูู ุจุฑู 
ุชูุฒ ู ุจ ุฎุท ู ุฎุด"
N/A,ูพูุงุณ EF7 ุจูุฒู,0,0,705000000,"51,000 km",1401,ุชูุฑุงู / ูพุฑูุฒ,ุฏูุฏู ุง,ูุดฺฉ,"ถ ูุงู ุจูู
ฺฏุงุฑุงูุช ูุนุงู
ุชูุงู ุณุฑูุณ ูุง ุงูุฌุงู ุดุฏู"
N/A,ูพูุงุณ EF7 ุจูุฒู,0,0,727500000,"26,500 km",1401,ุชูุฑุงู / ุงููู,ุฏูุฏู ุง,ุณูุฏ,"ููู
ุจู ุดุฑุท ฺฉุงุฑุดูุงุณ"
N/A,ูพูุงุณ XU7P ุจูุฒู,0,0,706000000,ุตูุฑ ฺฉูููุชุฑ,1403,ูุดูุฏ / ุดูุฏ ููุฑูุฑ,ุฏูุฏู ุง,ูุดฺฉ,"ุณูุงู 
ุชุญูู 11 /23,ูุจุงุดุฏ 
ูุฏุงุฑฺฉ ุชฺฉูู 
ุชุฎูู ุฌุฒ"
N/A,ูพูุงุณ EF7 ุจูุฒู,0,0,740000000,"74,000 km",1401,ฺฉุฑุฌ / ฺฉูุงฺฉ ุจุงูุง,ุฏูุฏู ุง,ุฎุงฺฉุณุชุฑ,ูุญู ุจุงุฒุฏุฏ ฺฏุฑูุฏุฑู ูโุจุงุดุฏ ูุทูุง ูุจู ุงุฒ ุจุงุฒุฏุฏ ููุงููฺฏ ุดูุฏ
N/A,ูพูุงุณ XU7P ุจูุฒู,0,0,705000000,ุตูุฑ ฺฉูููุชุฑ,1403,ุงุตููุงู / ุณูพุงูุงูโุดูุฑ,ุฏูุฏู ุง,ุฎุงฺฉุณุชุฑ,ฺูุฏ ุฑูุฒ ูพุด ุชุญูู ุดุฏู
N/A,EF7,0,0,465000000,"302,000 km",1397,ุขูู,ุฏูุฏู ุง,ุณูุฏ,"ุจูู ฺฉุงูู
ููุช ุชุฑูุฒ ุฌูู ู ุนูุจ ุชุนูุถ ุดุฏู
ุฑูฺฉุด ุตูุฏู ู ุฑูฺฉุด ูุฑูุงู ุจูุชุฑู ุฌูุณ 
ฺฉู ูพูุด ุณู ุจุนุฏ 
ุชุณูู ูุง ุชุนูุถ ุดุฏู
 ฺฉู ฺฏุฑุณ
ูุงุดู ฺฉุงุฑููุฏ ุงุณุช ูู ุจุฏูู ูุงุตูู ูุญู ฺฉุงุฑ ู ุณฺฉููุช (ุณุงุฑ - ููุฑ) ฺฉูููุชุฑ ุจุงูุงุณุช
ููุชูุฑ ุชุนูุฑ ุงุณุงุณ ุดุฏู"
N/A,ูพูุงุณ XU7P ุจูุฒู,0,0,700000000,ุตูุฑ ฺฉูููุชุฑ,1403,ูพุงูู,ุฏูุฏู ุง,ุณูุฏ,ุฏุฑฺู ุจุฑู ุ
N/A,EF7,0,0,298000000,"493,000 km",1388,ุชูุฑุงู / ูพููฺฉ,ุฏูุฏู ุง,ุณูุฏ,"ุจุฏูู ุชุตุงุฏู ู ููุชูุฑ ุณุงูู
ููุงุฑุฏ ูุตุฑู ุดุงูู ุชุณูู ุชุงู ู ุดูุน ู ูุงุฑ ุชุงุฒู ุชุนูุถ ุดุฏู
ุฏุณฺฉ ู ุตูุญู ู ููุช ุชุงุฒู ุชุนูุถ ุดุฏู 
ุฌููุจูุฏ ุชุงุฒู ูู ุดุฏู
ูุดุช ูุงู ุจูู ุดุฎุต ุซุงูุซ 
ุณูุณูุฑ ุฏูุฏู ุนูุจ ู ุชุฑูุฒ abs
ุงููุจุงูุงุฒุฑ
ุฑูฺฏ ุจุฏูู ุขูุชุงุจ ุณูุฎุชฺฏ 
ฺูุงุฑ ุญููู ูุงุณุชฺฉ 70ุฏุฑุตุฏ ุฑูุฏ ุงุณุชูู ฺฉุฑู ุฌููุจ (road stone )
ุฑูฺฏ ุขูููููู ุงุณูพุฑุช
ุถุจุท ู ุจุงูุฏ Kenwood ฺฉุฑู ุง
ููู ฺฉุงููพูุชุฑ.ฺฉุงูพูุช ู ุฒุงูพุงุณ
ุฑูฺฉุด ฺุฑู ู ฺฉููพูุด ุณู ุจุนุฏ
ุจุงุชุฑ ูู ู ุฏุฒุฏฺฏุฑ ูุงุจุฑฺฉ 
ุจุฏูู ุฑูุบู ุณูุฒ ู ุฑูุบู ุฑุฒ
ุณุฑูุณ ูุง ุดุงูู ุฑูุบู ู ููุชุฑูุง ุชุงุฒู ุชุนูุถ ุดุฏู 
ฺฉุงุจู ุจ ุณุฑูุตุฏุง"
N/A,XU7,0,0,295000000,"300,000 km",1387,ููฺุงู,ุฏูุฏู ุง,ุณูุฏ,"ูุงุดู ุณุงูู 
ูู ุณุงูู 
ุฒุฑ ูพุง ุนุงู 
ููุงุณุจ ูุตุฑู ฺฉููุฏู"
N/A,EF7 ุฏูฺฏุงูู ุณูุฒ,0,0,425000000,"168,000 km",1397,ุชูุฑุงู / ุงูุฑู,ุฏูุฏู ุง,ุณูุฏ,"ุณู ุชฺฉู ุฌูู ุชุนูุถ 
ุดุงุณ ุถุฑุจู ุฏุงุฑู
ฺฏูฺฏุฑ ุนูุจ ู ูุณูุช ุงุฒ ุตูุฏูู ุฑูฺฏ ุฏุงุฑุฏ
ูู ุณุงูู
ุฑูุฏุฑ ฺุฑู
ุฑูฺฉุด ูู
ุงุชุงู ูุงุดู ุจุตุฏุง"
N/A,ูพูุงุณ XU7P ุจูุฒู,0,0,700000000,"21,000 km",1403,ุฑูุฏุจุงุฑ,ุฏูุฏู ุง,ุณูุฏ,N/A
N/A,EF7,0,0,370000000,"202,000 km",1393,ุชูุฑุงู / ุดูุฑฺฉ ูุญูุงุช,ุฏูุฏู ุง,ุณูุฏ,"โูุฑูุด ููุฑ
โุท ฺฉูุงู ฺฏุฐุดุชู ุชูุงู ููุงุฒู ูุตุฑู ุชุนูุถ ุดุฏู ุงุณุช.
โฺฉุงุฑฺฉุฑุฏ ูุงูุน
โุจุฏูู ุตุงูฺฉุงุฑ(ฺูุฏ ูุณูุช ูฺฉู ฺฏุฑ ุดุฏู ุงุฒ ุฌููู ฺฉูฺฏุฑ ุนูุจโ ฺฉู ูุงุฒููุฏ ุตุงูฺฉุงุฑ ุงุณุช ุง ูุซูุง ุฏุฑุจ ุนูุจ ุดุงฺฏุฑุฏ ุชุนูุถ ุดุฏู ุงุณุช ุชุตุงุฏู ูุฏุงุดุชู ุจู ุฏุฑุจ ูพุงุฑฺฉูฺฏ ฺฏุฑ ฺฉุฑุฏู ู ูุฌุจูุฑ ุจู ุชุนูุถ ุดุฏู )
โุถุจุท ุจูููุชูุซ
โฺฉููพูุด ุณู ุจุนุฏ ู ุฑูฺฉุดูุง ุตูุฏู ูู
โูุงุณุชฺฉโูุง ุฌูู ูู(ู ูุงุณุชฺฉโูุง ุนูุจโ ฺฉุณุงู ูพุด ุชุนูุถ ุดุฏู)
โููุชูุฑ ู ฺฏุฑ ุจฺฉุณ ุณุงูู ู ุดุงุณูุง ูพูููพ
โุจู ุชุงุฒฺฏ ุจูู ุดุฏู ุงุณุช(ฑฑูุงู ุจูู ุฏุงุฑุฏ)
โุชุณูู ุชุงู ู ฺฉุงุชุงูุฒูุฑ ุชุนูุถ ุดุฏู"
N/A,XU7,0,0,455000000,"133,000 km",1395,ุชูุฑุงู / ุฏุฑูุณ,ุฏูุฏู ุง,ุณูุฏ,"ูู ุณุงูู
ฺฏูฺฏุฑ ุณูุช ูุณุงูุฑ ฺฉ ูฺฉู ุฑูฺฏ"
N/A,EF7 ุฏูฺฏุงูู ุณูุฒ,0,0,590000000,"135,000 km",1398,ฺฉุฑุฌ / ุดูุฑฺฉ ุจููุดู,ุฏูุฏู ุง,ุณูุฏ,ุฏูฺฏุงูู ุณูุฒ ุดุฑฺฉุช ูุฎุฒู ุณูุฎุช ุจุฒุฑฺฏ ูุงุณุชฺฉ ูุง ด ุญููู ูู ุณูุฏ ุฏุณุช ุงูู ูุงุดู ุงุฒ ุตูุฑ ฺฉูููุชุฑ ุฏุณุช ุฎูุฏู ุจูุฏู
N/A,ูพูุงุณ XU7P ุจูุฒู,0,0,750000000,ุตูุฑ ฺฉูููุชุฑ,1404,ฺฉุฑุฌ / ููุฑุดูุฑ - ูุงุฒ 1,ุฏูุฏู ุง,ุณูุฏ,N/A
N/A,ูพูุงุณ XU7P ุจูุฒู,0,0,750000000,ุตูุฑ ฺฉูููุชุฑ,1404,ุงุตููุงู / ุจุฑุงุฒูุฏู,ุฏูุฏู ุง,ุณูุฏ,N/A
N/A,ูพูุงุณ EF7 ุจูุฒู,0,0,645000000,"72,000 km",1400,ุชูุฑุงู / ูุฎุตูุต,ุฏูุฏู ุง,ุณูุฏ,"ฺฉุงููุง ุณุงูู 
ุฏูุฑุจู ุฏูุฏู ุนูุจ
ฺฉุฑูุฒ ฺฉูุชุฑู
ูุงูุชูุฑ 12 ุงูฺ
ุดุดู ูุง ุฏูุฏ
ฺฉู ุณู ุจุนุฏ
ูุงุณุชฺฉ 80 ุฏุฑุตุฏ
ุจูู ุฏ ุขุฎุฑู ุณูู 800 ูููู ุฎุณุงุฑุช
ูุฑูุด ููุฑ ููุฏ"
N/A,XU7,0,0,510000000,"113,000 km",1399,ุชูุฑุงู / ุณูุฑูุฑุฏ,ุฏูุฏู ุง,ุณูุฏ,. ุฌููุจูุฏ ู ุจุงุชุฑ ู ููุช ูุง ุชุงุฒู ุชุนูุถ ุดุฏู. ุจุฏูู ุฎุท ู ุฎุด. ูพูููพ ู ุณุงูู
N/A,EF7 ุฏูฺฏุงูู ุณูุฒ,0,0,650000000,"137,000 km",1400,ุดูุฑุจุงุจฺฉ,ุฏูุฏู ุง,ุณูุฏ,ูุงุดู ูู ูุธุงูุฑุนุงู ุฏุฑุฌู ฺฉ
N/A,EF7,0,0,540000000,"116,700 km",1394,ุงูุงู,ุฏูุฏู ุง,ุขุจ,"ุจู ูุงู ุฎุฏุงููุฏ ุจุฒุฑฺฏ: 
ูุงุดู ุงุฒูุฑูุธุฑ ุณุงูู ูุฏุฑุญุฏ ุตูุฑ ุงุณุช .ุฏุงุฐุง ฺฉุงุฑุช ูุนุงูู ูู ุจุฏููุ ุฑูฺฏ ุููุชูุฑ ุุดุงุณ ุูุบุฑู ฺฉุงููุง ุณุงููุ ุชุณูู ุชุงูุุชุณูู ุฏูุงูุุฑูุบู ููุชูุฑุ ุถุฏุฎ ูููู ูุตุฑููุง ุงุฎุฑุง ุชุนูุถ ุดุฏู .
ุชฺฉ ุณูุฏ ุงุฒุงุจุชุฏุง ุฏุณุช ุฎูุฏู ุจูุฏู ุงุณุช.
ุชูุถุญุงุช ุจุดุชุฑ ูุชุฎูู ุฏุฑุญุฏุงูฺฉุงู ุญุถูุฑ ุงุชููู ุจู ูุดุชุฑ ูุงูุน ุงุฑุงุฆู ูุดูุฏ ุงู ุดุงุกุงููู
ุถููุงุฏุงุฑุง ุจูู ุดุฎุต ุซุงูุซ ฺฉ ุณุงู ุชูุงู ูุจุงุดุฏ."
N/A,ูพูุงุณ XU7P ุจูุฒู,"374,000,000","11,800,000",374000000,ุตูุฑ ฺฉูููุชุฑ,1403,ุชูุฑุงู / ุฌูููุฑ,ุฏูุฏู ุง,ุณูุฏ,"โญ ุงููพุงู ุ ุฎุฑุฏ ุงุฏู ุขู โญ
โญ๏ธุงูพุงู ุฎูุฏุฑู ุจุง ุดูุงุฑู ูุฌูุฒ : 1403850823โญ๏ธ
๐ขุชุญูู ุฎูุฏุฑู 50 ุฑูุฒ ฺฉุงุฑ ู ุจุงุดุฏ๐ข
โญ๏ธโญ๏ธุดุฑุงุท ูุฑูุด ูููโุงูุนุงุฏู โญ๏ธโญ๏ธ
โุงูฺฉุงู ูุฑูุด ุจู ุชูุงู ููุงุท ุงุฑุงูโ 
โุจุฏูู ูุงูุงุช ููู ู ุงูุชูุงูโ
โุงูฺฉุงู ูพุฑุฏุงุฎุช ุฏููุฑุญูู ุง โ
โุชููุณ ุดุฑูุน ุงูุณุงุท โ
โุจูู ุดุฎุต ุซุงูุซ ู ุจูู ุจุฏููโ
โุชุญูู ุฎูุฏุฑู ุจุงุฎูุฏุฑูุจุฑ ุฏุฑุจ ููุฒู โ
โุณูุฏ ู ูุงูฺฉุช ูพูุงฺฉ ุจูุงู ุฎุฑุฏุงุฑ โ
โุดุฑุงุท ุจุงุฒูพุฑุฏุงุฎุช 12 ุ24 ู36ูุงููโ
โุงูฺฉุงู ุชุณูู ุฒูุฏุชุฑ ุงุฒ ููุนุฏโ
โุณูุฏ ูุงุจู ุงูุชูุงู ุฏุฑ ุญู ูพุฑุฏุงุฎุช ุงูุณุงุทโ
โ๏ธูุดุงูุฑู=ุชูุงุณโ๏ธ"
N/A,EF7,0,0,415000000,"157,500 km",1394,ฺฉุฑุฌ / ฺูุงุฑุตุฏ ุฏุณุชฺฏุงู,ุฏูุฏู ุง,ุณูุฏ,"ุฏุฑุจ ุณูุช ุฑุงููุฏู ุชุนูุถ 
ุจูู ถ ูุงู
ุดุงุณ ู ุณุชูู ูพูููพ"
N/A,ูพูุงุณ EF7 ุฏูฺฏุงูู ุณูุฒ,"494,800,000","17,900,000",494800000,ุตูุฑ ฺฉูููุชุฑ,1403,ุชูุฑุงู / ุฌูููุฑ,ุฏูุฏู ุง,ุณูุฏ,"โญ ุงููพุงู ุ ุฎุฑุฏ ุงุฏู ุขู โญ
โญ๏ธุงูพุงู ุฎูุฏุฑู ุจุง ุดูุงุฑู ูุฌูุฒ : 1403850823โญ๏ธ
๐ขุชุญูู ุฎูุฏุฑู 80ุฑูุฒ ฺฉุงุฑ ูโุจุงุดุฏ๐ข
โูุฑูุด ุจู ุตูุฑุช ููุฏ ู ุงูุณุงุท ุงูฺฉุงู ูพุฐุฑ ู ุจุงุดุฏโ
โญ๏ธโญ๏ธุดุฑุงุท ูุฑูุด ูููโุงูุนุงุฏู โญ๏ธโญ๏ธ
โุงูฺฉุงู ูุฑูุด ุจู ุชูุงู ููุงุท ุงุฑุงู โ
โุจุฏูู ูุงูุงุช ููู ู ุงูุชูุงูโ
โุงูฺฉุงู ูพุฑุฏุงุฎุช ุฏู ูุฑุญูู ุง โ
โุชููุณ ุดุฑูุน ุงูุณุงุท โ
โุจูู ุดุฎุต ุซุงูุซ ู ุจูู ุจุฏููโ
โุชุญูู ุฎูุฏุฑู ุจุง ุฎูุฏุฑูุจุฑ ุฏุฑุจ ููุฒู โ
โุณูุฏ ู ูุงูฺฉุช ูพูุงฺฉ ุจูุงู ุฎุฑุฏุงุฑ โ
โุดุฑุงุท ุจุงุฒูพุฑุฏุงุฎุช ูุชููุน โ
โุงูฺฉุงู ุชุณูู ุฒูุฏุชุฑ ุงุฒ ููุนุฏโ
โุณูุฏ ูุงุจู ุงูุชูุงู ุฏุฑ ุญู ูพุฑุฏุงุฎุช ุงูุณุงุทโ
โ๏ธูุดุงูุฑู=ุชูุงุณโ๏ธ"
N/A,ูพูุงุณ EF7 ุจูุฒู,0,0,0,"79,000 km",1401,ุชูุฑุงู / ุฎูุฌ ูุงุฑุณ,ุฏูุฏู ุง,ุณูุฏ ุตุฏู,"ุจู ููุช ููุงุณุจ ูุฏู ุ 
ูพูู ูุงุฒู ูุณุชู 
ูู ุฎู ูู ุฒุฑ ููุช 
ุจู ฺุฒ ฺฉูุชุฑ ุงุฒ ุนุฑู ุจุงุฒุงุฑ
ูุงุดุจู ุงุฒ ุงุจุชุฏุง ุฏุณุช ุฎูุฏู ุจูุฏู 
ุตูุญู ฺฉูุงุฌ ุชุนูุถ ฺฉุฑุฏู 
ุชุณูู ุชุงู ู ููุชุฏู ุชุนูุถ ุฑูุบู ููู ุฏุฑ ููุงูุฏฺฏ ูุง ุงุฑุงู ุฎูุฏุฑู ุงูุฌุงู ุดุฏู"
N/A,ูพูุงุณ EF7 ุจูุฒู,0,0,840000000,ุตูุฑ ฺฉูููุชุฑ,1403,ุชูุฑุงู / ุทุฑุดุช,ุฏูุฏู ุง,ุณูุฏ,"ฺฉูุง ูฉูฃ ุชุง ุชฺฉ ฺฉูููุชุฑ ฺฉุงุฑ ฺฉุฑุฏู
ุงุฑุชูุง ุงูุชู ู ููู ูุณุช 
ฺฉุฑูุฒ ฺฉูุชุฑู
ฺฉูุชุฑู ฺฉุดุด (TCS)
ฺฉูุชุฑู ูพุงุฏุงุฑ (ESC)
ุณูุณูุฑ ุนูุจ
ุณูุณูุฑ ูุดุงุฑ ุจุงุฏ ุชุงุฑ (TPMS)
ุชูุฒุน ูุฑู ุชุฑูุฒ (EBD)
ุชุฑูุฒ ุถุฏููู (ABS)
ุชุฑูุฒ ุจุง ูุฑู ฺฉูฺฉ (BA)
ุฏโูุงุช
ฺุฑุงุบ ููโุดฺฉู ุฌูู
ฺุฑุงุบ ููโุดฺฉู ุนูุจ
ฺุฑุงุบ ุฌูู
ูุงููฺู
ุณุงุฑ ูฺฺฏโ ุฑูุดูุง
ฺุฑุงุบ ุจุฏุฑูู - ฺุฑุงุบ ูพูุฒุดู ุนูุจ
ูุฑู ฺฉูฺฉ
ูุฏุฑููฺฉ
ุฏฺฉููโูุง ฺฉูุชุฑู
ุณุงุฑ ูฺฺฏโ ูุฑูุงู
ูุฑูุงู ุฌุฏุฏ (ุทุฑุญ ุฏูุง)
ุฑุงุฏููพุฎุด
ูุงูุชูุฑ ุณูุงุฑุด
ุฏูุฑุจู ุนูุจ ุณูุงุฑุด
ุตูุฏูโ ุฑุงููุฏู6 ุญุงูุชู - ุชูุธู ุจุฑู ูพุดุช
ุตูุฏู ุณุฑูุดู ุฌูู4 ุญุงูุชู
ูโฆ"
N/A,XU7,0,0,330000000,"200,000 km",1389,ุชูุฑุงู / ุขุฒุงุฏ,ุฏูุฏู ุง,ุณูุฏ,"ุฏุงุฑุง ุณุฎูฺฏู ุตูุฏู ุจุฑู 
ุดุงุณ ูุง ุณุงูู 
ุณูุฏ ุชฺฉ ุจุฑฺฏ ฺฉุงุฑฺฉุฑุฏ ูุงูุน 
ุฏุงุฑุง ุฏุฒุฏฺฏุฑุุถุจุท ู ุจุงูุฏ ู...
ุจู ุดุฑุท ฺฉุงุฑุดูุงุณ 
ูุนุงูุถู ุงููุงุน ุฎูุฏุฑู"
N/A,ูพูุงุณ XU7P ุจูุฒู,0,0,0,ุตูุฑ ฺฉูููุชุฑ,1403,ุชูุฑุงู / ูุทุฑู,ุฏูุฏู ุง,ุณูุฏ,"โุชูุงู ุฎูุฏุฑููุง ฺฉุงุฑุดูุงุณ ุดุฏู ููุฑุงู ุจุง ุจุฑฺฏู ฺฉุงุฑุดูุงุณ ุชุญูู ูฺฏุฑุฏุฏ.
โุชุญูู ุขู ฺฉ ุฑูุฒู ููุฑุงู ุจุง ูพุฑุฏุงุฎุช ูุชูุงุถ
โ ุณูุฏ ู ูุฏุงุฑฺฉ ุขูุงุฏู ููุฑุงู ุจุง ุชุญูู ุฎูุฏุฑู
โ ฺฏุงุฑุงูุช ู ุฎุฏูุงุช ูพุณ ุงุฒ ูุฑูุด
โ ูุทูุง ุจุฑุง ุงุณุชุนูุงู ููุช ุจุงุดุฑฺฉุช ูุง ุชูุงุณ ุญุงุตู ูุฑูุงุฏ"
N/A,ูพูุงุณ EF7 ุจูุฒู,0,0,810000000,ุตูุฑ ฺฉูููุชุฑ,1403,ุชูุฑุงู / ุขุฒุงุฏ,ุฏูุฏู ุง,ุณูุฏ,"ุขุฑูุงู ุฎูุฏุฑู
ูุฑฺฉุฒ ุฎุฑุฏ ู ูุฑูุด ุงููุงุน ุฎูุฏุฑููุง ุตูุฑฺฉูููุชุฑ
ุจุง ุจุด ุงุฒ 30 ุณุงู ุณุงุจูู ุฏุฑุฎุดุงู ุนุถูุฑุณู ุงุชุญุงุฏู
ุงูฺฉุงู ูุนุงูุถู 
ุชุญูู ููุฑ ู ุจู ุฑูุฒ ุงูฺฉุงู ฺฉุงุฑุดูุงุณ ุฎูุฏุฑู ูุจู ุงุฒ ุชุณูู
ุจุฏูู ูฺ ฺฏููู ูุฒูู ุงุถุงูู ุงุนู ุงุฒ ุญู ุงูุนููุฺฉูุณููุฺฉุงุฑูุฒุฏ ู ...
ุจุฑุง ูุดุงูุฑู ูุงุณุชุนูุงู ููุช ูุงูุน ุงููุงุน ุฎูุฏุฑู ูุง ุตูุฑฺฉูููุชุฑ ุจุง ฺฉุงุฑุดูุงุณุงู ูุง ุฏุฑ ุงุฑุชุจุงุท ุจุงุดุฏ"
N/A,ูพูุงุณ EF7 ุฏูฺฏุงูู ุณูุฒ,0,0,0,ุตูุฑ ฺฉูููุชุฑ,1403,ุชูุฑุงู / ฺฉูุงูุฏูุฒ,ุฏูุฏู ุง,ูุดฺฉ,"ุชุญูู ุขูุ ูุงฺฉุชูุฑ ุฑูุฒุ ุชุณูู ููุฒูุงู ุจุง ุชุญูู ุฎูุฏุฑู ุฏุฑ ฺฉู ฺฉุดูุฑุ ููู ุขูพุดูุ ฺฉุณุงู ุจููุ ฺฏุงุฑุงูุช ฺฉุงููุ 80%ุชุฎูู ุจูู ุจุฏููุ ุฎุฑุฏ ุนุงู ู ูุทูุฆู ุงุฒ ุงุชู ูุฑูุฏ(ุชุฃุณุณ1376)๐ุงูฺฉุงู ุฎุฑุฏ ุชููู ุงุฒ ุณุฑุงุณุฑ ฺฉุดูุฑ ุ ููุฑุงู ุจุง ฺฉุงุฑุดูุงุณ ฺฉุงูู ุฑูฺฏ ู ุจุฏูู ู ูู ุฎูุฏุฑูุ ุงูฺฉุงู ูุฑูุด ุฎูุฏุฑู ุจุตูุฑุช ุชฺฉ ู ุนูุฏู ๐ุนุถู ุงูุฌูู ุจุฒุฑฺฏุงู ูุนุงูุงู ุฎูุฏุฑู ุจุง ุดูุงุณู ูู ู ุดูุงุฑู ุซุจุชุ ูุนุงูุถู ุจุง ุฎูุฏุฑู ูู ู ฺฉุงุฑฺฉุฑุฏู ุดูุงุ ุงุจุชุฏุง ุงุณุชุนูุงู ูุง ุฑุง ุงุฒ ุงุชุญุงุฏู ูุฑูุดูุฏฺฏุงู ุฎูุฏุฑู ุจฺฏุฑุฏ ุจุนุฏ ุฎุฑุฏ ฺฉูุฏ.
ุงุชู ูุฑูุฏ (ุนู ูุฑูุฏ) ุฎุฑุฏ ูุทูุฆู
ุณุงุนุงุช ูพุงุณุฎฺฏู 8 ุงู 18"
N/A,ูพูุงุณ EF7 ุจูุฒู,0,0,690000000,"67,000 km",1400,ุงุตููุงู / ุชุงูุงุฑ,ุฏูุฏู ุง,ุณูุฏ,"น ูุงู ุจูู 
ุชุณูู ุชุงู ุชุงุฒู ุชุนูุถ ุดุฏู 
ุฑูฺฏ ุขููููู ุจุฏูู ูุงูุชูุฑ
ุณูพุฑ ฺฉ ุชุฑฺฉ ุฏุงุฑู ุฌูุด ุฎูุฑุฏู ูู ุฑูฺฏ ูฺฉุฑุฏู"
N/A,ูพูุงุณ EF7 ุจูุฒู,0,0,0,ุตูุฑ ฺฉูููุชุฑ,1404,ุชูุฑุงู / ฺฉูุงูุฏูุฒ,ุฏูุฏู ุง,ุณูุฏ,"ุชุญูู ุขูุ ูุงฺฉุชูุฑ ุฑูุฒุ ุชุณูู ููุฒูุงู ุจุง ุชุญูู ุฎูุฏุฑู ุฏุฑ ฺฉู ฺฉุดูุฑุ ููู ุขูพุดูุ ฺฉุณุงู ุจููุ ฺฏุงุฑุงูุช ฺฉุงููุ 80%ุชุฎูู ุจูู ุจุฏููุ ุฎุฑุฏ ุนุงู ู ูุทูุฆู ุงุฒ ุงุชู ูุฑูุฏ(ุชุฃุณุณ1376)๐ุงูฺฉุงู ุฎุฑุฏ ุชููู ุงุฒ ุณุฑุงุณุฑ ฺฉุดูุฑ ุ ููุฑุงู ุจุง ฺฉุงุฑุดูุงุณ ฺฉุงูู ุฑูฺฏ ู ุจุฏูู ู ูู ุฎูุฏุฑูุ ุงูฺฉุงู ูุฑูุด ุฎูุฏุฑู ุจุตูุฑุช ุชฺฉ ู ุนูุฏู ๐ุนุถู ุงูุฌูู ุจุฒุฑฺฏุงู ูุนุงูุงู ุฎูุฏุฑู ุจุง ุดูุงุณู ูู ู ุดูุงุฑู ุซุจุชุ ูุนุงูุถู ุจุง ุฎูุฏุฑู ูู ู ฺฉุงุฑฺฉุฑุฏู ุดูุงุ ุงุจุชุฏุง ุงุณุชุนูุงู ูุง ุฑุง ุงุฒ ุงุชุญุงุฏู ูุฑูุดูุฏฺฏุงู ุฎูุฏุฑู ุจฺฏุฑุฏ ุจุนุฏ ุฎุฑุฏ ฺฉูุฏ.
ุงุชู ูุฑูุฏ (ุนู ูุฑูุฏ) ุฎุฑุฏ ูุทูุฆู
ุณุงุนุงุช ูพุงุณุฎฺฏู 8 ุงู 18"
N/A,ูพูุงุณ EF7 ุจูุฒู,0,0,0,ุตูุฑ ฺฉูููุชุฑ,1404,ุชูุฑุงู / ฺฉูุงูุฏูุฒ,ุฏูุฏู ุง,ูุดฺฉ,"ุชุญูู ุขูุ ูุงฺฉุชูุฑ ุฑูุฒุ ุชุณูู ููุฒูุงู ุจุง ุชุญูู ุฎูุฏุฑู ุฏุฑ ฺฉู ฺฉุดูุฑุ ููู ุขูพุดูุ ฺฉุณุงู ุจููุ ฺฏุงุฑุงูุช ฺฉุงููุ 80%ุชุฎูู ุจูู ุจุฏููุ ุฎุฑุฏ ุนุงู ู ูุทูุฆู ุงุฒ ุงุชู ูุฑูุฏ(ุชุฃุณุณ1376)๐ุงูฺฉุงู ุฎุฑุฏ ุชููู ุงุฒ ุณุฑุงุณุฑ ฺฉุดูุฑ ุ ููุฑุงู ุจุง ฺฉุงุฑุดูุงุณ ฺฉุงูู ุฑูฺฏ ู ุจุฏูู ู ูู ุฎูุฏุฑูุ ุงูฺฉุงู ูุฑูุด ุฎูุฏุฑู ุจุตูุฑุช ุชฺฉ ู ุนูุฏู ๐ุนุถู ุงูุฌูู ุจุฒุฑฺฏุงู ูุนุงูุงู ุฎูุฏุฑู ุจุง ุดูุงุณู ูู ู ุดูุงุฑู ุซุจุชุ ูุนุงูุถู ุจุง ุฎูุฏุฑู ูู ู ฺฉุงุฑฺฉุฑุฏู ุดูุงุ ุงุจุชุฏุง ุงุณุชุนูุงู ูุง ุฑุง ุงุฒ ุงุชุญุงุฏู ูุฑูุดูุฏฺฏุงู ุฎูุฏุฑู ุจฺฏุฑุฏ ุจุนุฏ ุฎุฑุฏ ฺฉูุฏ.
ุงุชู ูุฑูุฏ (ุนู ูุฑูุฏ) ุฎุฑุฏ ูุทูุฆู
ุณุงุนุงุช ูพุงุณุฎฺฏู 8 ุงู 18"
N/A,ูพูุงุณ XU7P ุจูุฒู,0,0,0,ุตูุฑ ฺฉูููุชุฑ,1404,ุชูุฑุงู / ฺฉูุงูุฏูุฒ,ุฏูุฏู ุง,ุณูุฏ,"ุชุญูู ุขูุ ูุงฺฉุชูุฑ ุฑูุฒุ ุชุณูู ููุฒูุงู ุจุง ุชุญูู ุฎูุฏุฑู ุฏุฑ ฺฉู ฺฉุดูุฑุ ููู ุขูพุดูุ ฺฉุณุงู ุจููุ ฺฏุงุฑุงูุช ฺฉุงููุ 80%ุชุฎูู ุจูู ุจุฏููุ ุฎุฑุฏ ุนุงู ู ูุทูุฆู ุงุฒ ุงุชู ูุฑูุฏ(ุชุฃุณุณ1376)๐ุงูฺฉุงู ุฎุฑุฏ ุชููู ุงุฒ ุณุฑุงุณุฑ ฺฉุดูุฑ ุ ููุฑุงู ุจุง ฺฉุงุฑุดูุงุณ ฺฉุงูู ุฑูฺฏ ู ุจุฏูู ู ูู ุฎูุฏุฑูุ ุงูฺฉุงู ูุฑูุด ุฎูุฏุฑู ุจุตูุฑุช ุชฺฉ ู ุนูุฏู ๐ุนุถู ุงูุฌูู ุจุฒุฑฺฏุงู ูุนุงูุงู ุฎูุฏุฑู ุจุง ุดูุงุณู ูู ู ุดูุงุฑู ุซุจุชุ ูุนุงูุถู ุจุง ุฎูุฏุฑู ูู ู ฺฉุงุฑฺฉุฑุฏู ุดูุงุ ุงุจุชุฏุง ุงุณุชุนูุงู ูุง ุฑุง ุงุฒ ุงุชุญุงุฏู ูุฑูุดูุฏฺฏุงู ุฎูุฏุฑู ุจฺฏุฑุฏ ุจุนุฏ ุฎุฑุฏ ฺฉูุฏ.
ุงุชู ูุฑูุฏ (ุนู ูุฑูุฏ) ุฎุฑุฏ ูุทูุฆู
ุณุงุนุงุช ูพุงุณุฎฺฏู 8 ุงู 18"
N/A,ูพูุงุณ XU7P ุจูุฒู,0,0,0,ุตูุฑ ฺฉูููุชุฑ,1404,ุชูุฑุงู / ฺฉูุงูุฏูุฒ,ุฏูุฏู ุง,ูุดฺฉ,"ุชุญูู ุขูุ ูุงฺฉุชูุฑ ุฑูุฒุ ุชุณูู ููุฒูุงู ุจุง ุชุญูู ุฎูุฏุฑู ุฏุฑ ฺฉู ฺฉุดูุฑุ ููู ุขูพุดูุ ฺฉุณุงู ุจููุ ฺฏุงุฑุงูุช ฺฉุงููุ 80%ุชุฎูู ุจูู ุจุฏููุ ุฎุฑุฏ ุนุงู ู ูุทูุฆู ุงุฒ ุงุชู ูุฑูุฏ(ุชุฃุณุณ1376)๐ุงูฺฉุงู ุฎุฑุฏ ุชููู ุงุฒ ุณุฑุงุณุฑ ฺฉุดูุฑ ุ ููุฑุงู ุจุง ฺฉุงุฑุดูุงุณ ฺฉุงูู ุฑูฺฏ ู ุจุฏูู ู ูู ุฎูุฏุฑูุ ุงูฺฉุงู ูุฑูุด ุฎูุฏุฑู ุจุตูุฑุช ุชฺฉ ู ุนูุฏู ๐ุนุถู ุงูุฌูู ุจุฒุฑฺฏุงู ูุนุงูุงู ุฎูุฏุฑู ุจุง ุดูุงุณู ูู ู ุดูุงุฑู ุซุจุชุ ูุนุงูุถู ุจุง ุฎูุฏุฑู ูู ู ฺฉุงุฑฺฉุฑุฏู ุดูุงุ ุงุจุชุฏุง ุงุณุชุนูุงู ูุง ุฑุง ุงุฒ ุงุชุญุงุฏู ูุฑูุดูุฏฺฏุงู ุฎูุฏุฑู ุจฺฏุฑุฏ ุจุนุฏ ุฎุฑุฏ ฺฉูุฏ.
ุงุชู ูุฑูุฏ (ุนู ูุฑูุฏ) ุฎุฑุฏ ูุทูุฆู
ุณุงุนุงุช ูพุงุณุฎฺฏู 8 ุงู 18"
N/A,ูพูุงุณ XU7P ุจูุฒู,0,0,0,ุตูุฑ ฺฉูููุชุฑ,1404,ุชูุฑุงู / ุขุฒุงุฏ,ุฏูุฏู ุง,ุณูุฏ,"ุขุฑูุงู ุฎูุฏุฑู ูพุฑุณุชู
ููุช ูุงูุน ุงูุฌุงุณุช
๐ขูุฑฺฉุฒ ุฎุฑุฏ ู ูุฑูุด ุฎูุฏุฑููุง ุตูุฑ ฺฉูููุชุฑ
โช๏ธุจุง ุจุด ุงุฒ 10 ุณุงู ุณุงุจูู ุฏุฑุฎุดุงู ุฏุฑ ูุฑูุด ุฎูุฏุฑููุง ุตูุฑ ุงุฑุงู ู ุฎุงุฑุฌ
๐ดุนุถู ุฑุณู ุงุชุญุงุฏู (ุฏุงุฑุง ูุฌูุฒ ุฎุฑุฏ ู ูุฑูุด ุฎูุฏุฑู)
*ุงูฺฉุงู ูุนุงูุถู 
*ุจุฏูู ูฺ ฺฏููู ูุฒูู ุงุถุงู ุงุนู ุงุฒ ฺฉุงุฑูุฒุฏุ ฺฉูุณูู ู...
*ุชุญูู ููุฑ ู ุจุฑูุฒ ุงูฺฉุงู ุฑูุช ุฎูุฏุฑู ูุจู ุงุฒ ุชุณูู
ุจุฑุง ูุดุงูุฑู ู ุงุณุชุนูุงู ููุช ูุงูุน ุฎูุฏุฑููุง ุตูุฑ ฺฉูููุชุฑ ุจุง ฺฉุงุฑุดูุงุณุงู ูุง ุฏุฑ ุงุฑุชุจุงุท ุจุงุดุฏ"
N/A,EF7 ุฏูฺฏุงูู ุณูุฒ,0,0,720000000,ุตูุฑ ฺฉูููุชุฑ,1399,ุชูุฑุงู / ูพุงุณุฏุงุฑุงู,ุฏูุฏู ุง,ุณูุฏ,"ฺฉุงุฑฺฉุฑุฏ ุงุฒ ููุงูุฏฺฏ ุชุง ููุฒู
ุจุฏูู ุฎุท ู ุฎุด
ุฏุงุฎู ูพุงุฑฺฉูฺฏ ูุณูู ูฺฏูุฏุงุฑ ุดุฏู
ูุฎุฒู ฺฏุงุฒ ุจุฒุฑฺฏ ุขุจุฺฉุช ุจูุด
ุณูุฏ ุฏุณุช ุงูู ุจู ูุงู ุฎูุฏู 
ูุฏุงุฑฺฉ ุขูุงุฏู ุงูุชูุงู"
N/A,XU7,0,0,490000000,"100,000 km",1398,ฺฏููพุงฺฏุงู,ุฏูุฏู ุง,ุณูุฏ,"ูุตุฑู ุฎุงูฺฏ 
ฺฉุงููุงุณุงูู ู ุจุฏูู ุฎุฑุฌ 
ุฏุฒุฏฺฏุฑ 
ูพุงูุฑ ุดุดู 
ฺฉู ูพูุด 
ุฑูฺฉุด 
ุชุณูู ุชุงู ู ุดูุน ู ูุงุฑ ุจู ุชุงุฒฺฏ ุชุนูุถ ุดุฏู 
9 ูุงู ุจูู 
ุจูู ุจุฏูู"
N/A,ูพูุงุณ XU7P ุจูุฒู,0,0,730000000,ุตูุฑ ฺฉูููุชุฑ,1403,ูุงุฆู ุดูุฑ,ุฏูุฏู ุง,ูุดฺฉ,ุงุณูุงุฏ ู ูุฏุงุฑฺฉ ุขูุงุฏู ุงูุชูุงู - ูุนุงูุถู ุจุง ูุงุดู ูู ู ุดูุฏ
N/A,ูพูุงุณ XU7P ุจูุฒู,"306,000,000","13,000,000",306000000,ุตูุฑ ฺฉูููุชุฑ,1403,ุชูุฑุงู / ุฌูููุฑ,ุฏูุฏู ุง,ุณูุฏ,"โญ ุงููพุงู ุ ุฎุฑุฏ ุงุฏู ุขู โญ
โญ๏ธุงูพุงู ุฎูุฏุฑู ุจุง ุดูุงุฑู ูุฌูุฒ : 1403850823โญ๏ธ
โูุฑูุด ุจู ุตูุฑุช ููุฏ ู ุงูุณุงุท ุงูฺฉุงู ูพุฐุฑ ู ุจุงุดุฏโ
โญ๏ธโญ๏ธุดุฑุงุท ูุฑูุด ูููโุงูุนุงุฏูโญ๏ธโญ๏ธ 
โุงูฺฉุงู ูุฑูุด ุจู ุชูุงู ููุงุท ุงุฑุงู โ
โุจุฏูู ูุงูุงุช ููู ู ุงูุชูุงูโ
โุงูฺฉุงู ูพุฑุฏุงุฎุช ุฏู ูุฑุญูู ุง โ
โุชููุณ ุดุฑูุน ุงูุณุงุท โ
โุจูู ุดุฎุต ุซุงูุซ ู ุจูู ุจุฏููโ
โุชุญูู ุฎูุฏุฑู ุจุง ุฎูุฏุฑูุจุฑ ุฏุฑุจ ููุฒู โ
โุณูุฏ ู ูุงูฺฉุช ูพูุงฺฉ ุจูุงู ุฎุฑุฏุงุฑ โ
โุดุฑุงุท ุจุงุฒูพุฑุฏุงุฎุช ูุชููุน โ
โุงูฺฉุงู ุชุณูู ุฒูุฏุชุฑ ุงุฒ ููุนุฏโ
โุณูุฏ ูุงุจู ุงูุชูุงู ุฏุฑ ุญู ูพุฑุฏุงุฎุช ุงูุณุงุทโ
โ๏ธุงุทูุงุนุงุช ู ุงุณุชุนูุงู ููุฌูุฏ = ุชูุงุณ ุจุง ฺฉุงุฑุดูุงุณุงู ูุงโ๏ธ"
N/A,ูพูุงุณ XU7P ุจูุฒู,"408,000,000","14,700,000",408000000,ุตูุฑ ฺฉูููุชุฑ,1403,ุชูุฑุงู / ุฌูููุฑ,ุฏูุฏู ุง,ูุดฺฉ,"โญ๏ธุงูพุงู ุฎูุฏุฑู ุจุง ุดูุงุฑู ูุฌูุฒ : 1403850823โญ๏ธ
๐ขุชุญูู ุฎูุฏุฑู 80 ุฑูุฒ ฺฉุงุฑ ูโุจุงุดุฏ๐ข
โูุฑูุด ุจู ุตูุฑุช ููุฏ ู ุงูุณุงุท ุงูฺฉุงู ูพุฐุฑ ู ุจุงุดุฏโ
โุงูฺฉุงู ูุฑูุด ุจู ุชูุงู ููุงุท ุงุฑุงู โ
โุจุฏูู ูุงูุงุช ููู ู ุงูุชูุงูโ
โุงูฺฉุงู ูพุฑุฏุงุฎุช ุฏููุฑุญูู ุง โ
โุชููุณ ุดุฑูุน ุงูุณุงุท โ
โุจูู ุดุฎุต ุซุงูุซ ู ุจูู ุจุฏููโ
โุชุญูู ุฎูุฏุฑู ุจุงุฎูุฏุฑูุจุฑ ุฏุฑุจ ููุฒู โ
โุณูุฏ ู ูุงูฺฉุช ูพูุงฺฉ ุจูุงู ุฎุฑุฏุงุฑ โ
โุดุฑุงุท ุจุงุฒูพุฑุฏุงุฎุช ูุชููุนโ
โุงูฺฉุงู ุชุณูู ุฒูุฏุชุฑ ุงุฒ ููุนุฏโ
โุณูุฏ ูุงุจู ุงูุชูุงู ุฏุฑ ุญู ูพุฑุฏุงุฎุช ุงูุณุงุทโ
โ๏ธูุดุงูุฑ = ุฎุงูู ุชุงุจุงูโ"
N/A,EF7,0,0,430000000,"350,000 km",1395,ุชูุฑุงู / ุณุงุฒูุงู ุขุจ,ุฏูุฏู ุง,ุณุฑูู ุง,"ูุงุดู ุงุฒ ุตูุฑ ุฏุณุช ุฎูุฏู ุจูุฏู ุุฏุฑ ุฏู ูุงู ฺฏุฐุดุชู 92ูููู ุฎุฑุฌ ุชุนูุฑ ุงุณุงุณ ุดุฏู ุฏุฑ ููุงูุฏฺฏ ุงุฑุงู ุฎูุฏุฑู (ูุงฺฉุชูุฑ ูุง ููุฌูุฏู)
ููุชูุฑ ุชุนูุฑ ุงุณุงุณ ุ ุฏุณฺฉ ู ุตูุญู ุุชุณูู ุชุงู ุ ฺูุงุฑ ุชุง ฺฉูฺฉ ุฌูู ู ุนูุจ ุ ุจูุจุฑูฺฏ ฺุฑุฎ ู...
ูุนุงูู ูู ุจููู ูุงู
ุจูู ููุฑ ูุงู 
ุงุณุจ ุฒู ฺฉุฑุฏู ุงุณุช."
N/A,ูพูุงุณ XU7P ุจูุฒู,0,0,710000000,ุตูุฑ ฺฉูููุชุฑ,1404,ุชูุฑุงู / ุขุฒุงุฏ,ุฏูุฏู ุง,ุณูุฏ,"ุชูุถุญุงุช
โโ๏ธุงุชูฺฏุงูุฑ ุฎุณุฑูุดุงูโ๏ธ
โโุงูฺฉุงู ุชุนูุถ ุจุง ุฎูุฏุฑู ฺฉุงุฑฺฉุฑุฏู  ุดูุง ุจุง ุดุฑุงุท ูฺู
๐ดููุช ุฎูุฏุฑู ุจู ุตูุฑุช ูพุงู ูุจุงุดุฏ ูุทูุง ุจุฑุง ุงุณุชุนูุงู ููุช ุชูุงุณ ุจฺฏุฑุฏ๐ด
ูุฌูุฒ ุฑุณู ู ูุงููู ุงุฒ ุงุชุญุงุฏู ููุงุดฺฏุงู ุฏุงุฑุงู ุฎูุฏุฑู
โโุชุฌุฑุจู ุฎุฑุฏ ูุทูุฆู
โโุชุณูู ุจุนุฏ ุงุฒ ุชุญูู ุฎูุฏุฑู
โโูพูุงฺฉ ุดุฏู ู ุณูุฏ ุงุฒุงุฏ
โโฺฉ ุณุงู ุจูู 
โโุถูุงูุช ฺฉุงุฑุดูุงุณ ุฑูฺฏ ุจุฏูู ู ูู ุฎูุฏุฑู 
ุจุฑุง ุงุณุชุนูุงู ููุช ุชูุงุณ ุจฺฏุฑุฏ"
N/A,ูพูุงุณ EF7 ุฏูฺฏุงูู ุณูุฒ,0,0,850000000,ุตูุฑ ฺฉูููุชุฑ,1404,ุชูุฑุงู / ุขุฒุงุฏ,ุฏูุฏู ุง,ุณูุฏ,"ุชูุถุญุงุช
โโ๏ธุงุชูฺฏุงูุฑ ุฎุณุฑูุดุงูโ๏ธ
โโุงูฺฉุงู ุชุนูุถ ุจุง ุฎูุฏุฑู ฺฉุงุฑฺฉุฑุฏู  ุดูุง ุจุง ุดุฑุงุท ูฺู
๐ดููุช ุฎูุฏุฑู ุจู ุตูุฑุช ูพุงู ูุจุงุดุฏ ูุทูุง ุจุฑุง ุงุณุชุนูุงู ููุช ุชูุงุณ ุจฺฏุฑุฏ๐ด
ูุฌูุฒ ุฑุณู ู ูุงููู ุงุฒ ุงุชุญุงุฏู ููุงุดฺฏุงู ุฏุงุฑุงู ุฎูุฏุฑู
โโุชุฌุฑุจู ุฎุฑุฏ ูุทูุฆู
โโุชุณูู ุจุนุฏ ุงุฒ ุชุญูู ุฎูุฏุฑู
โโูพูุงฺฉ ุดุฏู ู ุณูุฏ ุงุฒุงุฏ
โโฺฉ ุณุงู ุจูู 
โโุถูุงูุช ฺฉุงุฑุดูุงุณ ุฑูฺฏ ุจุฏูู ู ูู ุฎูุฏุฑู 
ุจุฑุง ุงุณุชุนูุงู ููุช ุชูุงุณ ุจฺฏุฑุฏ"
N/A,ูพูุงุณ EF7 ุจูุฒู,0,0,820000000,ุตูุฑ ฺฉูููุชุฑ,1404,ุชูุฑุงู / ุขุฒุงุฏ,ุฏูุฏู ุง,ุณูุฏ,"ุชูุถุญุงุช
โโ๏ธุงุชูฺฏุงูุฑ ุฎุณุฑูุดุงูโ๏ธ
โโุงูฺฉุงู ุชุนูุถ ุจุง ุฎูุฏุฑู ฺฉุงุฑฺฉุฑุฏู  ุดูุง ุจุง ุดุฑุงุท ูฺู
๐ดููุช ุฎูุฏุฑู ุจู ุตูุฑุช ูพุงู ูุจุงุดุฏ ูุทูุง ุจุฑุง ุงุณุชุนูุงู ููุช ุชูุงุณ ุจฺฏุฑุฏ๐ด
ูุฌูุฒ ุฑุณู ู ูุงููู ุงุฒ ุงุชุญุงุฏู ููุงุดฺฏุงู ุฏุงุฑุงู ุฎูุฏุฑู
โโุชุฌุฑุจู ุฎุฑุฏ ูุทูุฆู
โโุชุณูู ุจุนุฏ ุงุฒ ุชุญูู ุฎูุฏุฑู
โโูพูุงฺฉ ุดุฏู ู ุณูุฏ ุงุฒุงุฏ
โโฺฉ ุณุงู ุจูู 
โโุถูุงูุช ฺฉุงุฑุดูุงุณ ุฑูฺฏ ุจุฏูู ู ูู ุฎูุฏุฑู 
ุจุฑุง ุงุณุชุนูุงู ููุช ุชูุงุณ ุจฺฏุฑุฏ"
N/A,ูพูุงุณ XU7P ุจูุฒู,0,0,710000000,ุตูุฑ ฺฉูููุชุฑ,1404,ุชูุฑุงู / ุขุฒุงุฏ,ุฏูุฏู ุง,ุณูุฏ,"ุชูุถุญุงุช
โโ๏ธุงุชูฺฏุงูุฑ ุฎุณุฑูุดุงูโ๏ธ
โโุงูฺฉุงู ุชุนูุถ ุจุง ุฎูุฏุฑู ฺฉุงุฑฺฉุฑุฏู  ุดูุง ุจุง ุดุฑุงุท ูฺู
๐ดููุช ุฎูุฏุฑู ุจู ุตูุฑุช ูพุงู ูุจุงุดุฏ ูุทูุง ุจุฑุง ุงุณุชุนูุงู ููุช ุชูุงุณ ุจฺฏุฑุฏ๐ด
ูุฌูุฒ ุฑุณู ู ูุงููู ุงุฒ ุงุชุญุงุฏู ููุงุดฺฏุงู ุฏุงุฑุงู ุฎูุฏุฑู
โโุชุฌุฑุจู ุฎุฑุฏ ูุทูุฆู
โโุชุณูู ุจุนุฏ ุงุฒ ุชุญูู ุฎูุฏุฑู
โโูพูุงฺฉ ุดุฏู ู ุณูุฏ ุงุฒุงุฏ
โโฺฉ ุณุงู ุจูู 
โโุถูุงูุช ฺฉุงุฑุดูุงุณ ุฑูฺฏ ุจุฏูู ู ูู ุฎูุฏุฑู 
ุจุฑุง ุงุณุชุนูุงู ููุช ุชูุงุณ ุจฺฏุฑุฏ"
N/A,XU7,0,0,515000000,"73,000 km",1399,ุชูุฑุงู / ูููฺฉ,ุฏูุฏู ุง,ุณูุฏ,N/A
N/A,ุฏูุฏู ุง,0,0,312000000,"310,000 km",1392,ุงุฑุงฺฉ,ุฏูุฏู ุง,ุณูุฏ,"ูุงุดู ูู ุณุงูู 
ุณูุงุฑ ุนุงู
ุชูุงู ูุตุฑู ูุง ุชุนูุถ ุดุฏู
ุฌููุจูุฏ ุชุนูุฑ ูฺฉูฺฉ ููุฑ ูุง ุฌูู ุชุนูุถ ุดุฏู
ฺฉุงุจู ุณุงูู ูุจ ุณุฑ ูุตุฏุง
ุฏุฑุจ ุณูุช ุดุงฺฏุฑุฏ ุนูุจ ุฑูฺฏ ุฏุงุฑุฏ
ฺฉุงูพูุช ุชุนูุถ ุดุฏู ุงุณุช.ุจุนูุงูู ู ฺฉู ุฏุณุช ฺฏูฺฏุฑ ุฌูู ุฑูฺฏ ."
N/A,ูพูุงุณ XU7P ุจูุฒู,0,0,699000000,ุตูุฑ ฺฉูููุชุฑ,1403,ฺฉุฑูุงูุดุงู,ุฏูุฏู ุง,ุณูุฏ,ุชุญูู ุจุฑุฌ ฑฒ
N/A,EF7,0,0,385000000,"440,000 km",1394,ุชูุฑุงู / ูพุงุณุฏุงุฑุงู,ุฏูุฏู ุง,ุณูุฏ,N/A
N/A,EF7,0,0,365000000,"240,000 km",1392,ุชูุฑุงู / ูุณูโุขุจุงุฏ,ุฏูุฏู ุง,ูุดฺฉ,"โ ุดุงุณ ูพูููพ
โ  (ุตุงูฺฉุงุฑ ุจุฏูู ุฑูฺฏ)
โ ููุชูุฑ ูพูููพ ู ฺฉุงููุง ุณุฑ ุญุงู
โ ECU ุฒููุณ
โ ูุฏู นฒุ นณ ุจูุชุฑู ูุฏู ูุง EF7 ูุณุช (ูุงุดู ุดูุงุณ ูุง ู ุฏููู ฺ ูฺฏู)
ูุทูุง ุฎุฑุฏุงุฑ ูุงูุน ู ฺฉุณ ฺฉู ูุงุดู ุฑู ู ุดูุงุณู ุชูุงุณ ุจฺฏุฑู.
โโโุจู ุฎุฑุฏุงุฑ ูุงูุน ุชุฎูู ุฌุฒุฆ ูุฏูโโโ"
N/A,ูพูุงุณ EF7 ุจูุฒู,0,0,760000000,"25,000 km",1402,ุณููุฏุฌ,ุฏูุฏู ุง,ุณูุฏ,ุชฺฉ ุจุฑฺฏุุจุฏูู ุฎุท ูุฎุดุูุงุณุชฺฉ ูฺฉุณู ฺูุงุฑุญููู ููููุุฑูฺฉุด vip
N/A,ูพูุงุณ EF7 ุฏูฺฏุงูู ุณูุฒ,0,0,0,ุตูุฑ ฺฉูููุชุฑ,1402,ุชูุฑุงู / ุณุนุงุฏุชโุขุจุงุฏ,ุฏูุฏู ุง,ุฒุฑุฏ,"ูุงุดู ุฑู ุชุงุฒู ุชุญูู ฺฏุฑูุชู 1 ุณุงู ุฎูุงุจ ุจูุฏู 
ุชุงฺฉุณ ฺฏุฑุฏุดู
ูุนุงูุถู ูู ูฺฉูู ุจุง ุฎูุฏุฑู ุนุงุฏ"
N/A,EF7 ุฏูฺฏุงูู ุณูุฒ,0,0,599000000,"82,500 km",1400,ุฒุฏ,ุฏูุฏู ุง,ูุงุฑูุฌ,"ุชุงฺฉุณ ฺฉุงููุง ุฎุงูฺฏ 
ุจุฏูู ุฎุท ูโุฎุด ุถุฑุจู
ุฒุงูพุงุณ ุจุงุฒโูุดุฏู
ุจูู ฺฉุณุงู
ุฑูฺฉุด ฺุฑู ฺฉู ุุดุดู ุฏูุฏ
ฺฉูููุชุฑ ูุงูุน ุจุดุฑุท ุฏุงฺฏ
ูุตุฑู ูุง ุชุนูุถ ุดุฏู
ุจุฏูู ฺฉ ุฑุงู ุฎุฑุฌ"
N/A,ูพูุงุณ XU7P ุจูุฒู,0,0,715000000,ุตูุฑ ฺฉูููุชุฑ,1403,ุชูุฑุงู / ุชูุฑุงููพุงุฑุณ ุบุฑุจ,ุฏูุฏู ุง,ุณูุฏ,"ุงุณุชุงูุฏุงุฑุฏ ธตฺฏุงูู ุฏูุฑุจู ุฏูุฏู ุนูุจ ูุงูุชูุฑ
ุฏุงุฑุง ฺฏุงุฑุงูุช ู ฺฉุงุฑุช ุทูุง"
N/A,ูพูุงุณ EF7 ุฏูฺฏุงูู ุณูุฒ,0,0,875000000,ุตูุฑ ฺฉูููุชุฑ,1403,ฺฉุฑูุงู,ุฏูุฏู ุง,ุณูุฏ,ุฎุดฺฉ..ูุฎุฒูฑฐฐูุชุฑ ุจุฒุฑฺฏ.ูุนุงูุถู ุจุง ุญูุงูู ฒฐทุง ุชุงุฑุง ุง ุฏูุง
N/A,ูพูุงุณ XU7P ุจูุฒู,0,0,710000000,ุตูุฑ ฺฉูููุชุฑ,1403,ุขุณุชุงูู ุงุดุฑูู,ุฏูุฏู ุง,ุณูุฏ,N/A
N/A,XU7,0,0,510000000,"99,000 km",1398,ฺฉุฑุฌ / ฺฉู ุฒูุจู,ุฏูุฏู ุง,ุณูุฏ,ุจุง ุณูุงู.ุณููุฏ .ุฏุงุดุจูุฑุฏ ูุดฺฉ.ููู ุงูุนุงุฏู ุณุงูู
N/A,ูพูุงุณ EF7 ุจูุฒู,0,0,669000000,"54,000 km",1400,ุจุงูู,ุฏูุฏู ุง,ุณูุฏ,"ูู ูุงุดู ุจุฏูู ฺฉูฺฺฉุชุฑู ูุดฺฉู ู ุฏุฑ ุญุฏ ูู
ููุชูุฑ ef7"
N/A,ELX,0,0,560000000,"162,000 km",1397,ุงุณูุงู ุดูุฑ,ุฏูุฏู ุง,ุณุฑูู ุง,ุณูุงู ูุงุดู ุจ  ุฎุท ุฎุด ุุงุฒ ูุธุฑ ูู ุจ ุดุฑุท ุุชูุงู ูุตุฑู ูุงุด ุฑู ุนูุถ ฺฉุฑุฏู ุฌููุจูุฏ ูู ุนูุจ ุจูุฏ ููุูุงุณุชฺฉ ูุง ูู
N/A,EF7,0,0,395000000,"148,000 km",1394,ุชูุฑุงู / ุขุจุดุงุฑ,ุฏูุฏู ุง,ุณูุฏ,"ูู ุจู ุดุฑุท 
ุฌูู ุจูุฏ ุณุงูู 
ุฑูุบู ุชุนูุถ ุดุฏู 
ฺูุฏ ูฺฉู 
ุจูู ุฏู ูุงู"
N/A,ูพูุงุณ EF7 ุฏูฺฏุงูู ุณูุฒ,0,0,835000000,"15,000 km",1403,ุชุฑุจุช ุญุฏุฑู,ุฏูุฏู ุง,ุณูุฏ,"ฺฉูโฺฉุงุฑุฏุฑุญุฏุตูุฑุฏุงุฑุง ุจูู ุจุฏูู
ุชุญูู ุจุฑุฌ ธ ููุจุน ุจุฒุฑฺฏ"
N/A,ูพูุงุณ EF7 ุจูุฒู,0,0,663000000,"83,000 km",1400,ุชูุฑุงู / ุณุนุงุฏุชโุขุจุงุฏ,ุฏูุฏู ุง,ูุดฺฉ,"ูุฏู ุงุณููุฏ 
ูู ุจุณุงุฑ ุณุงูู ุจุฏูู ูฺ ูุดฺฉู 
ุตูุญู ฺฉูุงฺ ูู 
ููุช ูู
ุดูุน ู ูุงุฑ ูู 
ูุงุณุชฺฉ นฐ ุฏุฑุตุฏ 
ูุงฺฉุณ ู ูพููุด ฺฉ ุณุงูู 
ูุงุดู ุงุฒ ุฌูู ุชุตุงุฏู ุฏุงุดุชู 
ุดุงุณ ูุง ุณุงูู ุจู ุดุฑุท ฺฉุงุฑุดูุงุณ
ฺฉุงูพูุช ุฏู ฺฉู ุฏุณุช ูุณู 
ุจุฏูู ุจุณุงุฑ ุชูุฒ ู ุณุฑุญุงู ุฏุฑ ุนฺฉุณ ูุง ูุถุนุช ุจุฏูู ูุดุฎุต ุงุณุช 
ุดุดู ูุง ุฏูุฏ
ุดุดู ุฌูู ุฏูุฏ 
ุฏูุฑ ูุฑูุงู ุฏูุฎุช ูุงุจุฑฺฉ 
ุฏุงุฑุง ูพุงูุฑ ููุฏูุฒ ุขูุช ุชุฑูพ ฺฉุฑูุฒ ฺฉูุชุฑู ุชููู ุงุชููุงุชฺฉ ุฑูฺฉุด ุตูุฏู 
ูุงุดู ููุงุณุจ ูุตุฑู ฺฉููุฏู"
N/A,XU7,0,0,500000000,"260,000 km",1399,ุงุตููุงู / ุณูพุงูุงูโุดูุฑ,ุฏูุฏู ุง,ุณูุฏ,"ูู ุณุงูู ุชูุงู ูุตุฑููุง ูู ุดุฏู ฺฉู ูุทุนุงุช ุฏฺฏุด ูู ูู ุดุฏู ุตุญุญ ู ุณุงูู ุขูุงุฏู ฺฉุงุฑ ูุณุช 
ุจุฏูู ูู ฺฉ ฺฏูฺฏุฑ ุตุงูฺฉุงุฑ ุฌุฒุฆ ูุงุฒู ุฏุงุฑู ุงูุจุงู ุจุฏูู ุฑูฺฏ ูุณุช"
N/A,ูพูุงุณ EF7 ุจูุฒู,0,0,650000000,"85,000 km",1400,ูุฌู ุขุจุงุฏ,ุฏูุฏู ุง,ุณูุฏ,"ุชุณูู ุชุงู ุชุนูุถ ุดุฏู 
ฺูุงุฑ ุญููู ูุงุณุชฺฉ ูู ู ุฎุงุฑุฌ 
ุจูู ฺฉ ุณุงู 
ูุงุดู ฺฉุงูู ุชูุฒ ู ุจุฏูู ูฺ ุนุจ"
N/A,XU7,0,0,330000000,"278,000 km",1392,ุชูุฑุงู / ฺฉู ูุฑุฏูุณ,ุฏูุฏู ุง,ุณูุฏ,ููุชูุฑ ุชุงุฒู ุชุนูุฑ ุจุฏูู ุถุนู ูู ุฏุฑุฌู ฑ ูุถุนุช ุจุฏูู ุฎูุจ ู ฺฉู ุฏุณุช ฺฏูฺฏุฑ ุนูุจ ุจุงูุง ฺุฑุงุบ ุณูุช ุดุงฺฏุฑุฏ ุฑูฺฏ ุฏูุชุง ุฏูุฑ ฺฏูฺฏุฑ ุณูุช ุฑุงููุฏู ุขุจุฑูฺฏ ฺฉุงูพูุช ุชุนูุถ
N/A,ELX ุชูุฑุจู,0,0,580000000,"119,000 km",1395,ุชูุฑุงู / ุฏุฑุงฺู ุดูุฏุง ุฎูุฌ ูุงุฑุณ,ุฏูุฏู ุง,ุณูุฏ,"ุณุงูู ู ุชูุฒ 
ุชูุงู ุณุฑูุณ ุฏูุฑู ุง ุฏุฑ ุชุนูุฑฺฏุงู ูุฑฺฉุฒ ุงุฑุงูุฎูุฏุฑู ุงูุฌุงู ุดุฏู ุฏุงุฑุง ฺฏุงุฑุงูุช ุงูุฌุงู ุดุฏู ุงุฑุงุชุฎูุฏุฑู
ููุชูุฑ ุจู ุตูุฑุช ฺฉุงูู ุณุฑูุณ ุดุฏู ู ฺฉูฺฉ ููุฑ ุชุนูุถ ุดุฏู ุ ุฑูุบู ููุชูุฑ ู ุชูุงู ููุงุฑุฏ
ุนุถู ุงูุฏุงุฏุฎูุฏุฑู ุฏุงุฑุง ฺฉุงุฑุช ุนุถูุช ุงูุฏุงุฏ
ูุงุณุชฺฉ ุจุงุฑุฒ ฺูุงุฑ ุญููู ุชุงุฒู ุชุนูุถ
ูุงุณุชฺฉ ุฒุงูพุงุณ ุงุณุชูุงุฏู ูุดุฏู
ุตูุฏู ุจุฑู ู ุณุฑูุดู ุตูุฏู ุจุฑู
ุตูุฏูู ุนูุจ ุจุฑู
ุฏุงุฑุง ุชูุงู ูุฏุงุฑฺฉ ฺฉุงุชุงููฺฏ ุฎูุฏุฑู ููุฏฺฉ ุฎูุฏุฑู ุณูฺ ุฏฺฉ ุขูุชู ุฎูุฏุฑู"
N/A,ูพูุงุณ XU7P ุจูุฒู,0,0,700000000,"2,700 km",1402,ุงุตููุงู / ุจููุงุฑ ุขุชุดฺฏุงู,ุฏูุฏู ุง,ุณูุฏ,ุจุง ุณูุงู ุ ฺฉุณุงู ุจูู ุซุงูุซ ุชุง ุณูู ุชุนูุฏุงุช ุจูู ุ ุฑูฺฉุด ุตูุฏู ฺุฑู ุ ุดุดู ูุง ุฏูุฏ ุฎุงุฑุฌ ุฺฉู ูพูุด ฺฉุงุจู ู ุตูุฏูู ุนูุจ . ุฎูุฏุฑู ุฏุฑ ุญุฏ ุตูุฑ ฺฉูููุชุฑ ุ ูุฑูุด ุจุตูุฑุช ููุฏ ุจู ุนูุช ูุงุฒ ููุฑ ุจู ูพูู
N/A,ูพูุงุณ XU7P ุจูุฒู,0,0,740000000,ุตูุฑ ฺฉูููุชุฑ,1404,ุชูุฑุงู / ุงูุณุฑู,ุฏูุฏู ุง,ุณูุฏ,ุจุงุฒุฏุฏุงุฒ ุณุงุนุช ฑต ู ุจุงุดุฏ
N/A,XU7,0,0,470000000,"80,000 km",1399,ุชูุฑุงู / ุชูุฑุงููพุงุฑุณ ุบุฑุจ,ุฏูุฏู ุง,ุณูุฏ,"ููุฌูุฏ ุฏุฑ ููุงูุฏฺฏ 
ุงูุณุงุท 
ฒทฐ ูููู ูพุด ูพุฑุฏุงุฎุช 
ุฎูุฏุฑู ุฑู ุชุญูู ุจฺฏุฑุฏ 
ฺฏูฺฏุฑ ุณูุช ุดุงฺฏุฑุฏ ุฑูฺฏ 
ถ ูุงู ุจูู 
ฺฉุงุฑฺฉุฑุฏ ูุงูุน 
ูู ุณุงูู ุณุงูู"
N/A,EF7,0,0,470000000,"108,000 km",1397,ฺฉุฑุฌ / ุนุธูู,ุฏูุฏู ุง,ุณูุฏ,ุฏุงุฑุง ุฏูุฑุจู ุฏูุฏู ุนูุจ
N/A,EF7,0,0,320000000,"221,000 km",1391,ูุงุฆู ุดูุฑ,ุฏูุฏู ุง,ุณูุฏ,"ูุงุดู ุฏู ูฺฉู ุจุงูุง ฺุฑุงุบ ุฌูู ุณูุช ุฑุงููุฏู ูุณู ฺฉุด ูุงุฒู ุฏุงุฑู
ุจุงุชุฑ ุชุงุฑู ุนูุถ ุดุฏู
ุฌููุจูุฏ ุณุงูู
ูุงุณุชฺฉ ุฌูู ฑฐฐ ุฏุฑุตุฏ ู ุนูุจ ธฐุฏุฑุตุฏ
ูุงุฒู ุจู ุฐฺฉุฑู ูุงุดู ุฑูุบู ฺฉู ูฺฉูู"
N/A,ูพูุงุณ XU7P ุจูุฒู,"424,000,000","4,666,666",424000000,ุตูุฑ ฺฉูููุชุฑ,1403,ฺฉุฑุฌ / ุนุธูู,ุฏูุฏู ุง,ุณูุฏ,"โุชุณููุงุช ูฺู ุจุง ุญุฏุงูู ุณูุฏ ุจุงูฺฉ ู ุจุฏูู ููุจุช ุูุงู ุจุงูฺฉ ุจุฏูู ุถุงูู ุฑุณู ููุท ุจุง ฺฺฉ ุตุงุฏ ุฏุฑุงูุช ฺฉูุฏโ 
โ๏ธุงูุณุงู ุจุฎุฑ ุณุงู ุจุนุฏ ูพุฑุฏุงุฎุช ฺฉู
โุชุญูู ููุฑ ุฎูุฏุฑู ูพุฑุฏุงุฎุช ููุฒูุงู ุจุง ุชุญูู
โุฏุฑุงูุช ุชุณููุงุช ุฒุฑ24ุณุงุนุช
โุณูุฏ ู ูพูุงฺฉ ถ ุฏุงูฺฏ ุจู ูุงู ุฎุฑุฏุงุฑ 
โฺฉูุชุฑู ุณูุฏ (ุณูุฏ ุจุงูฺฉ) 
โุดุฑูุน ุงูุณุงุท นฐุฑูุฒ ุจุนุฏ ุงุฒ ุชุญูู 
โุงูุณุงุท ฑฒ ุงู ถฐูุงู 
โุงูฺฉุงู ุชุณูู ุฒูุฏุชุฑ ุงุฒ ููุนุฏ ุจุง ฺฉุณุฑ ุณูุฏ
โุจูู ุซุงูุซ ู ุจุฏูู ุชุง ูพุงุงู ุงูุณุงุท
โฺฏุงุฑุงูุช ู ุฎุฏูุงุช ูพุณ ุงุฒ ูุฑูุด
โุดุฑุงุท ูุณุท ุชูุงู ุฎูุฏุฑููุง ุตูุฑ ู ฺฉุงุฑฺฉุฑุฏู ุงุฑุงู ู ุฎุงุฑุฌ 
โุงูฺฉุงู ูุนุฑู ุฎูุฏุฑูฺฉุงุฑฺฉุฑุฏู ุชูุณุท ุดูุง"
N/A,ูพูุงุณ EF7 ุจูุฒู,0,0,830000000,ุตูุฑ ฺฉูููุชุฑ,1403,ุชูุฑุงู / ุชูุฑุงููพุงุฑุณ ุบุฑุจ,ุฏูุฏู ุง,ุณูุฏ,"ุชุญูู ุฑูุฒ 
ููุฌูุฏ ุฏุฑ ููุงูุฏฺฏ"
N/A,XU7,0,0,350000000,"242,000 km",1394,ุดุฑุงุฒ / ุดูุฑ ุตุฏุฑุง,ุฏูุฏู ุง,ุณูุฏ,"ฺฉ ุฏุฑุจ ุชุนูุถ ุดุฏู ฺฉุงุฑุช ุทูุง ุฏุงุดุชู ุงุณุชูุงุฏู ฺฉุฑุฏูุ ฺฉ ุฏุฑุจ ุฎุด ุงูุชุงุฏู ู ุตุงูฺฉุงุฑ ุดุฏูุ ฺฏูฺฏุฑ ุฑูฺฏ ุดุฏู ุงูุฏุงุฒู ฺฉู ุฏุณุชุ ุดุงุณ ุฌูู ุณูุช ุดุงฺฏุฑุฏ ูู ุจุฏูู ุฌูุด ููุท ฺฉุดุฏู ุดุฏู ู ุตุงูฺฉุงุฑ.
ูุงุดู ุจุณุงุฑ ุณุฑ ุญุงูุ ูุงุณุชฺฉ ุฎุงุฑุฌ 205
ููุชูุฑ ุณุฑุญุงู"
N/A,ูพูุงุณ EF7 ุจูุฒู,0,0,725000000,"28,000 km",1401,ุจุฑูุฌุฑุฏ,ุฏูุฏู ุง,ุฎุงฺฉุณุชุฑ,ููู-ูุงูุชูุฑ-ุฑูฺฏ-ฺูุฑ ุฏุณฺฉ
N/A,ูพูุงุณ EF7 ุจูุฒู,0,0,730000000,"22,000 km",1400,ุงุณูุงู ุดูุฑ,ุฏูุฏู ุง,ุณูุฏ,ุฒูุงู ุชุญูู ฺฏุฑูุชู ุงู ุดูุฑูุฑ 1401 ุงุณุช
N/A,EF7,0,0,515000000,"143,000 km",1397,ุชูุฑุงู / ุฌุญูู,ุฏูุฏู ุง,ุณูุฏ,"ุจุง ุณูุงู.
ุฎูุฏุฑู ููู ุงูุนุงุฏู ุณุงูู ู ุชูุฒ ูโุจุงุดุฏ.
ุจู ุนููุงู ูุงุดู ุฏูู ุงุณุชูุงุฏู ูโุดุฏู.
ุฑูฺฏ ุขูููููู ฑฑ ูพุฑ.
ฺฏูฺฏุฑ ุณูุช ุดุงฺฏุฑุฏ ุฑูฺฏ ุฏุงุฑุฏ.
ุณุงูู ุจุฏูู ุฎุท ู ุฎุด.
ุดุงุณ ุนูุจ ู ุฌูู ุณุงูู ู ูพูููพ."
N/A,ูพูุงุณ EF7 ุจูุฒู,0,0,860000000,ุตูุฑ ฺฉูููุชุฑ,1404,ุจุฑูุฌุฑุฏ,ุฏูุฏู ุง,ุณูุฏ,"ุฌุฏุฏ ุชุฑู ฺฉูุงุณ ุจุงุฒุงุฑ 
ฺฉูุชุฑู ูพุงุฏุงุฑESC
ุณูุณูุฑ ูุดุงุฑ ุจุงุฏ ุชุงุฑ TPMS
ูุดุงูฺฏุฑ ุชุนูุถ ุฏูุฏู GSI
ฺฉุฑูุฒ ฺฉูุชุฑู ููุดููุฏACC
ฺฉูุชุฑู ฺฉุดุด TSC
ู ุชุฑูุฒ ุชูพู"
N/A,EF7 ุฏูฺฏุงูู ุณูุฒ,0,0,429000000,"260,000 km",1396,ูุงุฆู ุดูุฑ,ุฏูุฏู ุง,ุฏููู,ููุชูุฑ ุณุงูู ุฏุฑุฌู ฺฉ .ุฏุณฺฉ ู ุตูุญู ฺฉูุงุฌ ูุชุณูู ุชุงู ูู ุดุฏู .ูุนุงูู ูู ุฏุงุฑุฏ .ุจูู ุชุง ุจุฑุฌ 2ุณุงู ุจุนุฏ .ุฏุงุฎู ฺฉุงุจู ูุฑุชุจ ู ฺฉููพูุด ุณู ุจุนุฏ ุฏุงุฑุฏ ุฑูฺฏ ุดุฏฺฏ ุฏู ฺฏูฺฏุฑ ุนูุจ .ฺฉู ุตูุฏูู ุตุงูฺฉุงุฑ ุจ ุฑูฺฏ ุฏุงุฑุฏ.
N/A,XU7,0,0,355000000,"170,000 km",1397,ุชูุฑุงู / ููฺฏุงู,ุฏูุฏู ุง,ุฎุงฺฉุณุชุฑ,ุฏู ุชุง ฺฏูฺฏุฑ ุฌูู ู ฺฉุงูพูุช ุชุนูุถ ูุจุงุดุฏ ู ุฒุฑ ุฏุฑุจ ุฑุงููุฏู ู ฺฏูฺฏุฑ ุนูุจ ุณูุช ุฑุงููุฏู ฺฉู ุฑูฺฏ ุฏุงุฑุฏ ูุณุฑ ุดุงุณ ูุง ุฌูู ุณูุช ุดุงฺฏุฑุฏ ุชุฑูู ุฌุฒุฆ ุฏุงุฑุฏ . ูู ุจู ุดุฑุท
N/A,XU7,0,0,365000000,"230,000 km",1393,ุชูุฑุงู / ุฌูุงุฏ,ุฏูุฏู ุง,ุณุฑูู ุง,"ุจูู ุชุง ุจุฑุฌ ุดุด
ูุนุงูู ูู ฺฉ ุณุงู 
ฺฏูฺฏุฑ ุณูุช ุฑุงููุฏู ุฑูฺฏ ุจู ุนูุช ูุงูุฏฺฏ
ููุงุฒู ูุตุฑู ฺฉูุง ุจู ุชุงุฒฺฏ ูุตุฑู ุดุฏู
ุฌุง ุชุฎูู ูพุง ูุนุงููู ุฏุงุฑุฏ"
N/A,ูพูุงุณ XU7P ุจูุฒู,0,0,675000000,"26,000 km",1402,ุชูุฑุงู / ุชูุฑุงูโุณุฑ,ุฏูุฏู ุง,ุณูุฏ,ุฎูุฏุฑู ฺฉุงููุง ุณุงูู ู ุจุฏูู ููุทู ู ุจุงุดุฏ
N/A,ูพูุงุณ EF7 ุฏูฺฏุงูู ุณูุฒ,0,0,620000000,ุตูุฑ ฺฉูููุชุฑ,1402,ุงุตููุงู / ุขุจุดุงุฑ,ุฏูุฏู ุง,ุฒุฑุฏ,N/A
N/A,ูพูุงุณ EF7 ุจูุฒู,0,0,825000000,ุตูุฑ ฺฉูููุชุฑ,1403,ุชูุฑุงู / ุดูุฑฺฉ ุบุฑุจ,ุฏูุฏู ุง,ุณูุฏ,"ููู ุขูพุดู ููุท ุฑูฺฏ ูุนููู
ุชุฎูู ูุฎุชุตุฑ ูพุง ูุนุงููู"
N/A,XU7,0,0,325000000,"210,000 km",1388,ุงุฑุงฺฉ,ุฏูุฏู ุง,ุณูุฏ,ูุงุดู ฺฉุงุฑููุฏ ู ุณุงูู ู ุจุงุดุฏ.
N/A,XU7,0,0,450000000,"136,000 km",1395,ุชูุฑุงู / ุงููุงู,ุฏูุฏู ุง,ุณูุฏ,"ูุงุดู ฺฉุงููุง ุณุงูู ูู ุณุงูู 
ุฏุฑุจ ุณูุช ุดุงฺฏุฑุฏ ุนูุจ ุจุฏููู ุฑูฺฏ ุตุงู ุดุฏู
ุฏุฑ ุตูุฑุช"
N/A,EF7 ุฏูฺฏุงูู ุณูุฒ,0,0,575000000,"176,000 km",1397,ุขุฒุงุฏ ุดูุฑ,ุฏูุฏู ุง,ุณูุฏ,ูุงุดู ฺฉุงููุง ุณุงูู ุณุงูู ุชูุงู ูุตุฑู ูุง ุจู ูููุน ุชุนูุต ุดุฏู ุจุฑุง ุฒุฑ ูพุง ุนุงู ูุฎุฒู ุจุฒุฑฺฏ ุจูุด
N/A,XU7,0,0,525000000,"118,000 km",1398,ูู / ุขุฐุฑ,ุฏูุฏู ุง,ุณูุฏ,ูุงุดู ุจุณุงุฑ ุชูุฒ ู ุชูุงูุณุฑูุณ ูุง ุจู ูููุน ุงูุฌุงู ุดุฏู ููุฑุงู ุจุง ุฏุฒุฏฺฏุฑ ุชุตูุฑ ู ุฏูุฑุจู ุฏูุฏู ุนูุจ 4 ุญููู ูุงุณุชฺฉ ุฎุงุฑุฌ
N/A,ูพูุงุณ XU7P ุจูุฒู,0,0,705000000,"6,500 km",1403,ุงูุงู,ุฏูุฏู ุง,ุณูุฏ,N/A
N/A,ูพูุงุณ EF7 ุจูุฒู,0,0,840000000,ุตูุฑ ฺฉูููุชุฑ,1403,ุชูุฑุงู / ุทุฑุดุช,ุฏูุฏู ุง,ุณูุฏ,"ุฌุฏุฏ ุชุฑู ฺฉูุงุณ ุจุงุฒุงุฑ 
ฺฉูุชุฑู ูพุงุฏุงุฑESC
ุณูุณูุฑ ูุดุงุฑ ุจุงุฏ ุชุงุฑ TPMS
ูุดุงูฺฏุฑ ุชุนูุถ ุฏูุฏู GSI
ฺฉุฑูุฒ ฺฉูุชุฑู ููุดููุฏACC
ฺฉูุชุฑู ฺฉุดุด TSC
ู ุชุฑูุฒ ุชูพู"
